WORD_IDS,VOCAB_WORD
0,http
1,use
2,list
3,email
4,get
5,mail
6,one
7,free
8,time
9,work
10,messag
11,make
12,like
13,would
14,peopl
15,inform
16,new
17,receiv
18,pleas
19,address
20,busi
21,click
22,want
23,us
24,need
25,order
26,remov
27,also
28,go
29,send
30,year
31,money
32,file
33,compani
34,system
35,name
36,wrote
37,report
38,way
39,user
40,look
41,chang
42,site
43,day
44,state
45,know
46,program
47,may
48,see
49,call
50,could
51,group
52,even
53,think
54,includ
55,linux
56,first
57,offer
58,take
59,say
60,servic
61,right
62,world
63,tri
64,help
65,find
66,internet
67,market
68,product
69,mani
70,much
71,home
72,said
73,softwar
74,web
75,problem
76,date
77,line
78,spam
79,check
80,start
81,number
82,run
83,good
84,thing
85,link
86,well
87,subject
88,phone
89,interest
90,govern
91,person
92,provid
93,set
94,today
95,come
96,million
97,best
98,give
99,server
100,follow
101,back
102,form
103,rate
104,month
105,everi
106,secur
107,gener
108,price
109,url
110,still
111,comput
112,packag
113,instal
114,avail
115,sent
116,code
117,life
118,commun
119,version
120,read
121,sinc
122,ad
123,grant
124,maintain
125,sponsor
126,thank
127,network
128,credit
129,two
130,differ
131,without
132,made
133,develop
134,support
135,within
136,week
137,write
138,save
139,realli
140,case
141,page
142,subscript
143,someth
144,irish
145,current
146,un
147,last
148,anyon
149,onlin
150,complet
151,sure
152,requir
153,seem
154,card
155,build
156,custom
157,manag
158,never
159,de
160,ilug
161,better
162,special
163,window
164,keep
165,point
166,ca
167,place
168,search
169,per
170,anoth
171,found
172,actual
173,access
174,repli
175,result
176,contact
177,question
178,part
179,base
180,futur
181,listmast
182,issu
183,old
184,put
185,wish
186,next
187,long
188,let
189,countri
190,live
191,hour
192,must
193,end
194,invest
195,mean
196,easi
197,process
198,unsubscrib
199,lot
200,unit
201,great
202,got
203,guarante
204,technolog
205,show
206,account
207,nation
208,might
209,power
210,releas
211,legal
212,cost
213,data
214,allow
215,sourc
216,success
217,news
218,engin
219,possibl
220,trade
221,profession
222,idea
223,increas
224,post
225,advertis
226,pay
227,ask
228,public
229,error
230,open
231,test
232,websit
233,opportun
234,real
235,sell
236,ever
237,less
238,respons
239,insur
240,plan
241,design
242,tell
243,visit
244,creat
245,word
246,buy
247,howev
248,prefer
249,reason
250,heaven
251,effect
252,someon
253,aug
254,cd
255,sale
256,law
257,improv
258,applic
259,around
260,instead
261,fact
262,least
263,box
264,dollar
265,ye
266,rpm
267,american
268,fix
269,job
270,copi
271,simpl
272,probabl
273,origin
274,cours
275,believ
276,fax
277,contain
278,move
279,type
280,happen
281,friend
282,though
283,littl
284,total
285,financi
286,welcom
287,share
288,request
289,add
290,exampl
291,client
292,els
293,abl
294,format
295,perl
296,anyth
297,valu
298,simpli
299,alway
300,alreadi
301,high
302,fill
303,protect
304,full
305,cash
306,mailto
307,feel
308,directori
309,import
310,bit
311,regard
312,purchas
313,stop
314,licens
315,signatur
316,note
317,intern
318,experi
319,polici
320,answer
321,exist
322,updat
323,return
324,learn
325,past
326,famili
327,info
328,top
329,sep
330,geek
331,becom
332,ship
333,age
334,act
335,lead
336,instruct
337,small
338,drive
339,suppli
340,control
341,second
342,databas
343,member
344,thousand
345,select
346,low
347,recent
348,incom
349,featur
350,citi
351,etc
352,stuff
353,minut
354,limit
355,yet
356,industri
357,turn
358,sever
359,done
360,folder
361,appli
362,tool
363,continu
364,understand
365,detail
366,c
367,guid
368,everyth
369,noth
370,step
371,exmh
372,notic
373,oper
374,enough
375,claim
376,big
377,e
378,sign
379,care
380,univers
381,letter
382,caus
383,larg
384,key
385,three
386,hard
387,thinkgeek
388,other
389,connect
390,bill
391,record
392,thu
393,discuss
394,accept
395,term
396,pgp
397,offic
398,via
399,play
400,specif
401,option
402,text
403,talk
404,america
405,mayb
406,direct
407,deal
408,immedi
409,download
410,major
411,seen
412,forc
413,hope
414,subscrib
415,comment
416,thought
417,kind
418,individu
419,decid
420,rule
421,plu
422,log
423,lose
424,method
425,natur
426,matter
427,either
428,true
429,risk
430,rememb
431,yahoo
432,assist
433,content
434,present
435,rather
436,quot
437,away
438,mime
439,wait
440,r
441,bank
442,fund
443,kernel
444,hand
445,local
446,project
447,secret
448,hundr
449,loan
450,level
451,matthia
452,train
453,corpor
454,consid
455,research
456,area
457,razor
458,book
459,august
460,forward
461,addit
462,root
463,stori
464,polit
465,machin
466,benefit
467,target
468,standard
469,bad
470,war
471,quit
472,entir
473,suggest
474,copyright
475,document
476,appear
477,presid
478,bodi
479,global
480,author
481,bug
482,posit
483,often
484,expect
485,center
486,mind
487,human
488,distribut
489,juli
490,septemb
491,grow
492,ago
493,jul
494,qualiti
495,hit
496,trust
497,size
498,partner
499,easili
500,island
501,absolut
502,pm
503,agent
504,love
505,whether
506,join
507,activ
508,given
509,b
510,collect
511,solut
512,involv
513,amount
514,happi
515,fast
516,associ
517,domain
518,charg
519,man
520,promot
521,whole
522,dvd
523,earn
524,far
525,sort
526,fork
527,parti
528,later
529,hi
530,feder
531,submit
532,upon
533,mortgag
534,potenti
535,meet
536,wed
537,wrong
538,refer
539,nice
540,enter
541,load
542,tm
543,social
544,wonder
545,econom
546,singl
547,publish
548,transact
549,almost
550,john
551,red
552,discov
553,reach
554,everyon
555,close
556,view
557,fail
558,execut
559,pass
560,sound
561,privat
562,depend
563,profit
564,women
565,perform
566,broadcast
567,attack
568,newslett
569,paid
570,relat
571,automat
572,statement
573,effort
574,contract
575,media
576,delet
577,mark
578,foreign
579,begin
580,compil
581,sequenc
582,final
583,miss
584,regist
585,spamassassin
586,bush
587,x
588,figur
589,cell
590,handl
591,stock
592,command
593,header
594,locat
595,action
596,similar
597,display
598,game
599,tuesday
600,pick
601,templ
602,transfer
603,hat
604,disk
605,wo
606,produc
607,digit
608,chri
609,soon
610,event
611,known
612,track
613,articl
614,print
615,longer
616,tax
617,properti
618,function
619,pretti
620,mention
621,toner
622,store
623,default
624,dear
625,men
626,commiss
627,pc
628,debt
629,oblig
630,hous
631,respect
632,microsoft
633,sun
634,upgrad
635,due
636,organ
637,script
638,imag
639,bulk
640,enenkio
641,weight
642,administr
643,payment
644,along
645,daili
646,freedom
647,health
648,practic
649,net
650,bonu
651,usa
652,capit
653,propos
654,worth
655,half
656,cartridg
657,billion
658,offici
659,came
660,strategi
661,resourc
662,languag
663,anyway
664,late
665,leav
666,exactli
667,platform
668,concern
669,remain
670,clear
671,street
672,assum
673,devic
674,html
675,car
676,lost
677,la
678,ok
679,review
680,tire
681,ignor
682,head
683,tue
684,interact
685,hear
686,went
687,respond
688,taken
689,tablet
690,deliv
691,independ
692,perhap
693,configur
694,bring
695,clean
696,compar
697,qualifi
698,averag
699,fine
700,watch
701,space
702,press
703,invok
704,expens
705,recommend
706,school
707,short
708,retail
709,n
710,fee
711,memori
712,field
713,host
714,membership
715,enabl
716,fall
717,consult
718,guess
719,huge
720,usual
721,edit
722,xml
723,suit
724,extrem
725,choos
726,advantag
727,warn
728,except
729,common
730,agre
731,en
732,port
733,normal
734,region
735,materi
736,side
737,educ
738,abil
739,announc
740,basic
741,fri
742,le
743,item
744,guy
745,told
746,drop
747,although
748,cheer
749,paper
750,five
751,dream
752,spend
753,main
754,growth
755,vulner
756,readi
757,hold
758,model
759,confidenti
760,electron
761,win
762,replac
763,left
764,face
765,unseen
766,studi
767,interfac
768,altern
769,loss
770,reserv
771,mon
772,accord
773,safe
774,kingdom
775,intend
776,choic
777,approv
778,implement
779,multipl
780,id
781,rest
782,histori
783,oz
784,situat
785,commerci
786,extra
787,moment
788,combin
789,employ
790,togeth
791,insid
792,chanc
793,investig
794,section
795,quick
796,coupl
797,initi
798,purpos
799,pictur
800,msg
801,advanc
802,confirm
803,goe
804,across
805,j
806,break
807,court
808,monday
809,unless
810,util
811,avoid
812,fals
813,object
814,burn
815,particular
816,energi
817,score
818,express
819,male
820,et
821,societi
822,video
823,india
824,took
825,indic
826,owner
827,p
828,count
829,sens
830,speed
831,correct
832,directli
833,filter
834,agenc
835,procedur
836,anywher
837,die
838,variou
839,four
840,profil
841,especi
842,match
843,uniqu
844,period
845,seek
846,ventur
847,gpl
848,black
849,consum
850,kevin
851,piec
852,sex
853,whatev
854,spammer
855,certain
856,investor
857,behalf
858,class
859,color
860,explain
861,setup
862,knowledg
863,popul
864,adam
865,oh
866,cut
867,tip
868,remot
869,gain
870,latest
871,dagga
872,atol
873,unison
874,militari
875,block
876,ftp
877,gari
878,south
879,lawrenc
880,unix
881,marshal
882,googl
883,patch
884,tv
885,establish
886,valuabl
887,shop
888,switch
889,smoke
890,team
891,aaaaaaaaaaaaaaaaaaaaaaaaaaaaaaaaaaaaaaaaaaaaaaaaaaaaaaaaaaaaaaaaaaaaaaaaaaaa
892,ragga
893,imagin
894,java
895,prevent
896,integr
897,robert
898,attempt
899,third
900,prepar
901,boot
902,will
903,particip
904,folk
905,privaci
906,manual
907,sometim
908,hardwar
909,heard
910,sorri
911,necessari
912,reduc
913,tag
914,screen
915,saou
916,york
917,bottl
918,congress
919,china
920,certainli
921,night
922,fastest
923,sa
924,cover
925,backup
926,depart
927,enjoy
928,suppos
929,stand
930,valid
931,obtain
932,driver
933,regul
934,path
935,mass
936,goal
937,seriou
938,alb
939,capabl
940,competit
941,lower
942,botan
943,amaz
944,land
945,h
946,promis
947,speak
948,fulli
949,medic
950,poor
951,deathtospamdeathtospamdeathtospam
952,introduc
953,traffic
954,lowest
955,apolog
956,scienc
957,extend
958,movi
959,describ
960,defin
961,paul
962,titl
963,troubl
964,exchang
965,film
966,neg
967,cv
968,easier
969,decis
970,f
971,sender
972,osdn
973,rang
974,wireless
975,os
976,approach
977,technic
978,death
979,earli
980,six
981,predict
982,murphi
983,redhat
984,written
985,commit
986,fortun
987,fat
988,white
989,beberg
990,quickli
991,telephon
992,worri
993,king
994,sold
995,im
996,kill
997,seventh
998,michael
999,apt
1000,music
1001,judgment
1002,mobil
1003,uk
1004,ham
1005,firm
1006,north
1007,opinion
1008,premium
1009,desir
1010,attach
1011,father
1012,ensur
1013,economi
1014,definit
1015,player
1016,faster
1017,librari
1018,archiv
1019,adult
1020,appar
1021,argument
1022,achiev
1023,button
1024,bar
1025,techniqu
1026,separ
1027,travel
1028,enterpris
1029,threat
1030,cooper
1031,demand
1032,board
1033,deserv
1034,browser
1035,anim
1036,condit
1037,modul
1038,outsid
1039,hello
1040,wide
1041,estat
1042,dave
1043,terrorist
1044,enhanc
1045,stay
1046,elimin
1047,david
1048,attent
1049,repres
1050,drug
1051,expert
1052,children
1053,virtual
1054,wall
1055,pain
1056,determin
1057,cabl
1058,kid
1059,washington
1060,environ
1061,held
1062,modifi
1063,declar
1064,monthli
1065,gnupg
1066,sincer
1067,permiss
1068,fun
1069,signific
1070,danger
1071,iii
1072,l
1073,g
1074,confid
1075,w
1076,relev
1077,air
1078,sum
1079,rich
1080,cat
1081,canada
1082,programm
1083,diet
1084,none
1085,cc
1086,equip
1087,exclus
1088,popular
1089,proven
1090,forev
1091,bottom
1092,excel
1093,bitbitch
1094,justin
1095,expand
1096,central
1097,paragraph
1098,usd
1099,sexual
1100,skip
1101,string
1102,factor
1103,friday
1104,centuri
1105,anybodi
1106,identifi
1107,relationship
1108,near
1109,monitor
1110,challeng
1111,director
1112,asset
1113,toward
1114,behind
1115,appreci
1116,excit
1117,terror
1118,perfect
1119,girl
1120,exercis
1121,confer
1122,unsolicit
1123,progress
1124,among
1125,discoveri
1126,whose
1127,rh
1128,defens
1129,rais
1130,citizen
1131,difficult
1132,hettinga
1133,west
1134,thread
1135,road
1136,rel
1137,fit
1138,sampl
1139,lender
1140,illeg
1141,intellig
1142,spain
1143,photo
1144,partit
1145,entri
1146,colleg
1147,octob
1148,earth
1149,acquir
1150,seri
1151,confus
1152,tie
1153,serv
1154,reader
1155,solv
1156,william
1157,chief
1158,strong
1159,tree
1160,instant
1161,verifi
1162,largest
1163,refin
1164,fair
1165,european
1166,measur
1167,stupid
1168,smart
1169,mode
1170,extract
1171,french
1172,san
1173,sweet
1174,equival
1175,regular
1176,peac
1177,built
1178,lock
1179,mac
1180,oct
1181,reliabl
1182,resid
1183,laptop
1184,conveni
1185,slow
1186,procmail
1187,suse
1188,categori
1189,dead
1190,brian
1191,inlin
1192,tradit
1193,datapow
1194,africa
1195,graphic
1196,front
1197,tim
1198,warranti
1199,voic
1200,deliveri
1201,leader
1202,ident
1203,cach
1204,europ
1205,annuiti
1206,emerg
1207,useless
1208,realiz
1209,ten
1210,femal
1211,pattern
1212,evid
1213,capillari
1214,art
1215,occur
1216,gnu
1217,fire
1218,statu
1219,campaign
1220,desktop
1221,compat
1222,gift
1223,abus
1224,therefor
1225,young
1226,cultur
1227,physic
1228,concept
1229,higher
1230,revenu
1231,institut
1232,herba
1233,satellit
1234,previous
1235,aid
1236,brand
1237,deposit
1238,thursday
1239,walk
1240,convers
1241,june
1242,inde
1243,launch
1244,contribut
1245,nigeria
1246,roll
1247,concentr
1248,otherwis
1249,doubt
1250,degre
1251,ms
1252,former
1253,repositori
1254,forget
1255,background
1256,carri
1257,wife
1258,arriv
1259,unlimit
1260,honor
1261,classifi
1262,weapon
1263,compet
1264,echo
1265,yeah
1266,pacif
1267,indian
1268,critic
1269,listen
1270,recipi
1271,conflict
1272,affili
1273,fight
1274,token
1275,percent
1276,unfortun
1277,tech
1278,powel
1279,storag
1280,app
1281,sat
1282,isp
1283,password
1284,surpris
1285,extens
1286,discount
1287,detect
1288,jabber
1289,hot
1290,hermio
1291,effici
1292,succeed
1293,water
1294,sleep
1295,assur
1296,basi
1297,civil
1298,sit
1299,printer
1300,panel
1301,garrigu
1302,alsa
1303,substanti
1304,kept
1305,intro
1306,output
1307,pull
1308,enemi
1309,inc
1310,descript
1311,scan
1312,tabl
1313,attract
1314,light
1315,jm
1316,mine
1317,ip
1318,menu
1319,catch
1320,proprietari
1321,worldwid
1322,god
1323,advic
1324,nobodi
1325,revers
1326,saw
1327,index
1328,wednesday
1329,v
1330,pudg
1331,disabl
1332,truth
1333,joe
1334,vendor
1335,analysi
1336,patent
1337,agreement
1338,seven
1339,euro
1340,manufactur
1341,structur
1342,gone
1343,specifi
1344,teach
1345,morn
1346,balanc
1347,decad
1348,k
1349,alon
1350,franc
1351,cool
1352,room
1353,lack
1354,vote
1355,jame
1356,obvious
1357,california
1358,wast
1359,charact
1360,gold
1361,awar
1362,boston
1363,editor
1364,whitelist
1365,treat
1366,polic
1367,innov
1368,zip
1369,construct
1370,u
1371,career
1372,highli
1373,theori
1374,ga
1375,insert
1376,tom
1377,financ
1378,journal
1379,temperatur
1380,clue
1381,trick
1382,flag
1383,encourag
1384,constitut
1385,gcc
1386,impress
1387,touch
1388,son
1389,middl
1390,afford
1391,ultim
1392,incred
1393,greater
1394,spec
1395,int
1396,peni
1397,cent
1398,usag
1399,correspond
1400,brain
1401,ebay
1402,attorney
1403,anymor
1404,jim
1405,annual
1406,greg
1407,mother
1408,trial
1409,summari
1410,larger
1411,wake
1412,boy
1413,hp
1414,previou
1415,input
1416,blank
1417,mechan
1418,dan
1419,blood
1420,master
1421,stream
1422,urgent
1423,mike
1424,cbyi
1425,democrat
1426,el
1427,hate
1428,suffer
1429,advis
1430,cheap
1431,perman
1432,pound
1433,focu
1434,judg
1435,particularli
1436,speech
1437,skeptic
1438,underwrit
1439,star
1440,smtp
1441,suspect
1442,mostli
1443,flow
1444,php
1445,varieti
1446,mistak
1447,obviou
1448,vacat
1449,percentag
1450,behavior
1451,delay
1452,wealth
1453,dynam
1454,instanc
1455,republ
1456,eye
1457,comfort
1458,toni
1459,earlier
1460,destruct
1461,warm
1462,super
1463,keyboard
1464,dark
1465,binari
1466,ban
1467,affect
1468,telecom
1469,mailer
1470,rick
1471,arm
1472,termin
1473,channel
1474,ireland
1475,reveal
1476,laserjet
1477,firewal
1478,rock
1479,woman
1480,consolid
1481,se
1482,char
1483,tend
1484,heart
1485,motiv
1486,essenti
1487,english
1488,knew
1489,steve
1490,rss
1491,consist
1492,alli
1493,recogn
1494,floppi
1495,vipul
1496,btw
1497,principl
1498,prospect
1499,skill
1500,domest
1501,lawyer
1502,beta
1503,core
1504,pack
1505,wing
1506,estim
1507,style
1508,highlight
1509,prompt
1510,pipe
1511,unlik
1512,magazin
1513,somewher
1514,gnome
1515,eventu
1516,opt
1517,defend
1518,nearli
1519,dell
1520,invit
1521,bonus
1522,lifetim
1523,planta
1524,vehicl
1525,comprehens
1526,task
1527,role
1528,beat
1529,ftoc
1530,fl
1531,staff
1532,sensit
1533,audio
1534,modem
1535,clearli
1536,ground
1537,babi
1538,roman
1539,map
1540,biggest
1541,histor
1542,restor
1543,modern
1544,despit
1545,hair
1546,teledynam
1547,python
1548,pocket
1549,dn
1550,food
1551,march
1552,eat
1553,commentari
1554,fresh
1555,convert
1556,revis
1557,suck
1558,favor
1559,strength
1560,picasso
1561,impact
1562,eval
1563,strongli
1564,bind
1565,complianc
1566,dragon
1567,british
1568,met
1569,peter
1570,config
1571,minimum
1572,conserv
1573,coverag
1574,interview
1575,shown
1576,senior
1577,mlm
1578,exploit
1579,everybodi
1580,employe
1581,stabl
1582,font
1583,liber
1584,doctor
1585,dont
1586,protocol
1587,spot
1588,failur
1589,texa
1590,gave
1591,mailbox
1592,permit
1593,instantli
1594,beyond
1595,equal
1596,mile
1597,truli
1598,visa
1599,auto
1600,q
1601,signal
1602,reli
1603,optim
1604,synchron
1605,brought
1606,consider
1607,typic
1608,tx
1609,tape
1610,showcas
1611,startup
1612,geeg
1613,proper
1614,crash
1615,dial
1616,expir
1617,exact
1618,draw
1619,worst
1620,distanc
1621,al
1622,calcul
1623,led
1624,chines
1625,translat
1626,variabl
1627,revok
1628,annoy
1629,yesterday
1630,evil
1631,prove
1632,finish
1633,hidden
1634,extern
1635,broker
1636,favorit
1637,crimin
1638,spent
1639,neighbor
1640,stylu
1641,imposs
1642,plant
1643,boss
1644,feet
1645,acknowledg
1646,strang
1647,rare
1648,sir
1649,bigger
1650,artist
1651,retriev
1652,repair
1653,z
1654,netscap
1655,foundat
1656,ran
1657,bearer
1658,sole
1659,pop
1660,sport
1661,beauti
1662,edward
1663,evalu
1664,hell
1665,serious
1666,rob
1667,hotel
1668,poverti
1669,england
1670,guidelin
1671,safeti
1672,properli
1673,autom
1674,scientist
1675,portion
1676,rebuild
1677,hack
1678,somebodi
1679,equiti
1680,planet
1681,correctli
1682,hire
1683,summer
1684,lie
1685,strip
1686,antiqu
1687,gentl
1688,station
1689,minor
1690,sunday
1691,prescript
1692,ii
1693,bell
1694,scheme
1695,climat
1696,restrict
1697,push
1698,iiu
1699,spread
1700,explor
1701,chicago
1702,jump
1703,headlin
1704,threaten
1705,epson
1706,fundament
1707,primari
1708,becam
1709,entertain
1710,shape
1711,recruit
1712,mount
1713,para
1714,radio
1715,lo
1716,currenc
1717,diseas
1718,student
1719,vou
1720,proxi
1721,merchant
1722,spamd
1723,damag
1724,mainten
1725,craig
1726,resum
1727,recal
1728,husband
1729,architectur
1730,herb
1731,protest
1732,laser
1733,hang
1734,seed
1735,happier
1736,disclaim
1737,remedi
1738,settlement
1739,exit
1740,van
1741,doubl
1742,viagra
1743,buyer
1744,corpu
1745,vast
1746,sendmail
1747,prioriti
1748,stick
1749,muscl
1750,feroc
1751,plug
1752,western
1753,faith
1754,somehow
1755,reg
1756,dozen
1757,georg
1758,fantasi
1759,camera
1760,ssh
1761,moor
1762,green
1763,disappear
1764,ticket
1765,prior
1766,luck
1767,hall
1768,wors
1769,laugh
1770,angl
1771,feedback
1772,creativ
1773,hormon
1774,reject
1775,feed
1776,usb
1777,anonym
1778,broken
1779,seminar
1780,batteri
1781,supplement
1782,realiti
1783,oil
1784,aspect
1785,tel
1786,bother
1787,norton
1788,child
1789,symbol
1790,kathmandu
1791,pour
1792,encrypt
1793,eugen
1794,arrang
1795,authent
1796,acceler
1797,appeal
1798,parent
1799,argu
1800,allianc
1801,shot
1802,substanc
1803,shall
1804,doc
1805,committe
1806,democraci
1807,convent
1808,entrepreneur
1809,perfectli
1810,shock
1811,funni
1812,serial
1813,slightli
1814,à
1815,statist
1816,observ
1817,park
1818,convinc
1819,electr
1820,random
1821,mozilla
1822,neither
1823,sponsorship
1824,phrase
1825,legitim
1826,resolv
1827,strictli
1828,frame
1829,refund
1830,solari
1831,meant
1832,edg
1833,barcelona
1834,east
1835,empir
1836,award
1837,door
1838,queri
1839,hey
1840,highest
1841,nort
1842,merg
1843,edificio
1844,auction
1845,ie
1846,appropri
1847,survey
1848,daniel
1849,kelli
1850,carrier
1851,union
1852,surviv
1853,smaller
1854,damn
1855,aphrodisia
1856,lesson
1857,pressur
1858,capac
1859,repeat
1860,fear
1861,postal
1862,tomorrow
1863,hunt
1864,bear
1865,stabil
1866,volum
1867,farquhar
1868,aggress
1869,mason
1870,weekend
1871,twice
1872,owen
1873,strike
1874,arrest
1875,alter
1876,fairli
1877,mr
1878,pablo
1879,te
1880,virus
1881,bought
1882,banner
1883,odd
1884,amend
1885,declin
1886,herbal
1887,trip
1888,prosaka
1889,zero
1890,winner
1891,testimoni
1892,licenc
1893,exclud
1894,appl
1895,duplic
1896,complain
1897,violat
1898,harm
1899,nt
1900,gmt
1901,easiest
1902,welch
1903,cold
1904,compon
1905,inbox
1906,race
1907,januari
1908,cancel
1909,ah
1910,promiscu
1911,viru
1912,debian
1913,md
1914,ratio
1915,nativ
1916,vari
1917,reduct
1918,audienc
1919,mh
1920,algorithm
1921,pill
1922,genet
1923,formula
1924,mirror
1925,farm
1926,honest
1927,scam
1928,presum
1929,spray
1930,bunch
1931,bandwidth
1932,hmm
1933,deni
1934,round
1935,blog
1936,gibbon
1937,compens
1938,vjestika
1939,tab
1940,sea
1941,bankruptci
1942,split
1943,gay
1944,renew
1945,approxim
1946,austin
1947,brief
1948,precis
1949,martin
1950,partnership
1951,possess
1952,club
1953,reboot
1954,â
1955,label
1956,analyst
1957,elsewher
1958,iraq
1959,porn
1960,saturday
1961,reward
1962,msgid
1963,buffer
1964,weekli
1965,blue
1966,roger
1967,dramat
1968,lift
1969,envelop
1970,massiv
1971,invent
1972,deploy
1973,gordon
1974,plugin
1975,grand
1976,mous
1977,processor
1978,fuck
1979,ibm
1980,dig
1981,prohibit
1982,nvidia
1983,inspir
1984,rohit
1985,complex
1986,empti
1987,ps
1988,cancer
1989,adopt
1990,sm
1991,inconveni
1992,aol
1993,that
1994,writer
1995,collabor
1996,agreeabl
1997,millionair
1998,anytim
1999,engag
2000,flash
2001,religion
2002,retir
2003,infrastructur
2004,apart
2005,environment
2006,schedul
2007,conduct
2008,justic
2009,northern
2010,plenti
2011,shell
2012,solicit
2013,harley
2014,satisfi
2015,assembl
2016,ministri
2017,length
2018,african
2019,cycl
2020,thoma
2021,duncan
2022,own
2023,mere
2024,began
2025,rout
2026,farmer
2027,self
2028,swap
2029,img
2030,acquisit
2031,enforc
2032,rose
2033,encount
2034,bound
2035,clock
2036,onto
2037,distro
2038,experienc
2039,excess
2040,candid
2041,henc
2042,transform
2043,conclud
2044,pointer
2045,televis
2046,demonstr
2047,registr
2048,prosper
2049,russian
2050,famou
2051,evolv
2052,homeown
2053,liter
2054,minim
2055,attend
2056,straight
2057,scale
2058,elect
2059,newspap
2060,grab
2061,deep
2062,wholesal
2063,domin
2064,throw
2065,guido
2066,kate
2067,london
2068,colleagu
2069,unabl
2070,preserv
2071,hors
2072,receipt
2073,lawsuit
2074,mix
2075,murder
2076,rank
2077,niall
2078,buck
2079,oppos
2080,boost
2081,christian
2082,glad
2083,context
2084,wave
2085,toll
2086,chat
2087,loop
2088,assert
2089,religi
2090,remark
2091,entiti
2092,blame
2093,russia
2094,da
2095,proof
2096,skin
2097,co
2098,routin
2099,attain
2100,corrupt
2101,crime
2102,valhalla
2103,resel
2104,asia
2105,abacha
2106,passphras
2107,habea
2108,glm
2109,mathemat
2110,newsgroup
2111,marshalles
2112,tune
2113,inkjet
2114,brent
2115,scientif
2116,tast
2117,forest
2118,numer
2119,webmast
2120,accur
2121,destroy
2122,replica
2123,icq
2124,moral
2125,vircio
2126,paypal
2127,null
2128,mountain
2129,chart
2130,regardless
2131,formal
2132,throughout
2133,ben
2134,sheet
2135,hint
2136,column
2137,na
2138,hash
2139,visitor
2140,bless
2141,joseph
2142,jar
2143,frequent
2144,song
2145,po
2146,brother
2147,embed
2148,yield
2149,heavi
2150,yellow
2151,victim
2152,bu
2153,rise
2154,remind
2155,dog
2156,drink
2157,branch
2158,labor
2159,logic
2160,bay
2161,pro
2162,trace
2163,incompat
2164,aim
2165,chip
2166,mess
2167,classic
2168,consequ
2169,amateur
2170,town
2171,pure
2172,limbo
2173,freebsd
2174,crap
2175,export
2176,adapt
2177,opposit
2178,spirit
2179,imho
2180,ladi
2181,satisfact
2182,syntax
2183,focus
2184,assign
2185,que
2186,worker
2187,exhibit
2188,decemb
2189,smoker
2190,exceed
2191,prize
2192,violenc
2193,negoti
2194,coast
2195,privileg
2196,il
2197,felt
2198,topic
2199,pars
2200,est
2201,spamtrap
2202,gambl
2203,joke
2204,pursu
2205,battl
2206,cheaper
2207,appoint
2208,fan
2209,stage
2210,vice
2211,lib
2212,incorpor
2213,complic
2214,circumst
2215,batch
2216,stamp
2217,tremend
2218,byte
2219,pa
2220,specialist
2221,strengthen
2222,older
2223,boundari
2224,unknown
2225,florida
2226,liberti
2227,keyword
2228,jodi
2229,admit
2230,affair
2231,okay
2232,unwant
2233,intel
2234,kit
2235,moder
2236,airlin
2237,compress
2238,sophist
2239,dublin
2240,truck
2241,riaa
2242,lover
2243,alan
2244,gather
2245,compel
2246,caught
2247,ui
2248,entitl
2249,trivial
2250,bet
2251,alert
2252,chairman
2253,loos
2254,struggl
2255,goto
2256,sur
2257,margin
2258,penni
2259,owe
2260,ahead
2261,album
2262,trend
2263,ved
2264,australia
2265,wear
2266,britain
2267,pioneer
2268,sector
2269,muslim
2270,surfac
2271,ownership
2272,ideal
2273,transmiss
2274,belief
2275,airport
2276,disclosur
2277,hole
2278,mastercard
2279,jack
2280,dump
2281,relay
2282,majesti
2283,overal
2284,ice
2285,raw
2286,reform
2287,refus
2288,stress
2289,palestinian
2290,outlook
2291,maximum
2292,weather
2293,tin
2294,scott
2295,dice
2296,maker
2297,weak
2298,msn
2299,lay
2300,timeout
2301,assumpt
2302,suffici
2303,wa
2304,pickl
2305,adjust
2306,stephen
2307,encod
2308,mplayer
2309,marri
2310,wealthi
2311,influenc
2312,sentenc
2313,hawaii
2314,portabl
2315,magic
2316,curv
2317,egg
2318,propag
2319,schuman
2320,finger
2321,captur
2322,chain
2323,ne
2324,debug
2325,trademark
2326,mandat
2327,depress
2328,frustrat
2329,retain
2330,admin
2331,holiday
2332,whatsoev
2333,dinosaur
2334,session
2335,patrick
2336,silli
2337,spring
2338,weird
2339,submiss
2340,endeavor
2341,catalog
2342,shout
2343,vision
2344,explan
2345,ou
2346,astronom
2347,lilo
2348,bone
2349,crack
2350,heck
2351,circl
2352,ram
2353,outstand
2354,francisco
2355,virginia
2356,minist
2357,ar
2358,hacker
2359,unusu
2360,buri
2361,spambay
2362,ethic
2363,randomli
2364,belong
2365,besid
2366,settl
2367,api
2368,scratch
2369,speaker
2370,hospit
2371,gpg
2372,inexpens
2373,fli
2374,rah
2375,latter
2376,tower
2377,movement
2378,bomb
2379,casino
2380,intellectu
2381,corner
2382,rapidli
2383,mysql
2384,tivo
2385,thirti
2386,scholarship
2387,prob
2388,hide
2389,jeremi
2390,snore
2391,joint
2392,lean
2393,necessarili
2394,formul
2395,organis
2396,celebr
2397,proceed
2398,xxx
2399,plane
2400,ce
2401,iroijlaplap
2402,ir
2403,ton
2404,germani
2405,expos
2406,theme
2407,fuel
2408,constant
2409,greatest
2410,recognit
2411,twenti
2412,intent
2413,igtt
2414,ez
2415,preced
2416,openssl
2417,abandon
2418,du
2419,pentium
2420,recov
2421,richard
2422,draft
2423,armi
2424,es
2425,japan
2426,une
2427,bsd
2428,fp
2429,conclus
2430,german
2431,openssh
2432,greet
2433,season
2434,harvest
2435,framework
2436,tweak
2437,relax
2438,forum
2439,jurisdict
2440,wild
2441,marriag
2442,arg
2443,dr
2444,element
2445,maxim
2446,council
2447,con
2448,render
2449,hook
2450,freez
2451,pleasur
2452,invalid
2453,shoot
2454,quarter
2455,asian
2456,potent
2457,commerc
2458,capitalist
2459,angel
2460,boom
2461,contest
2462,tobacco
2463,zone
2464,layer
2465,ratak
2466,fashion
2467,flight
2468,advisor
2469,leas
2470,crazi
2471,bond
2472,scenario
2473,distributor
2474,anthoni
2475,mutual
2476,maxaman
2477,decreas
2478,everywher
2479,scope
2480,rm
2481,elig
2482,milter
2483,pci
2484,bob
2485,raid
2486,telecommun
2487,subsequ
2488,dedic
2489,burner
2490,trader
2491,notifi
2492,murjel
2493,till
2494,magnitud
2495,ximian
2496,manner
2497,cpu
2498,cloth
2499,realnetwork
